2026-07-28 00:10:13	round	6	1	CHANGES_REQUESTED	848efc3	1
2026-07-28 00:18:35	round	7	1	CHANGES_REQUESTED	ceee585	2
2026-07-28 00:20:07	round	8	1	APPROVED	b067c01	0
2026-07-28 00:32:36	new	1	1	CHANGES_REQUESTED	d375268	1
2026-07-28 00:37:50	round	2	1	CHANGES_REQUESTED	dd624af	2
2026-07-28 00:40:24	round	3	1	APPROVED	496d9bd	0
2026-07-28 01:59:57	round	4	1	CHANGES_REQUESTED	e9ab85f	1
2026-07-28 02:03:50	round	5	1	APPROVED	04b7212	0
2026-07-28 02:31:05	new	1	1	CHANGES_REQUESTED	b39b39d	1
2026-07-28 02:34:01	round	2	1	APPROVED	60cf68d	0
2026-07-28 12:34:55	new	1	1	CHANGES_REQUESTED	eacd3e5	1
2026-07-28 12:36:56	round	2	1	APPROVED	4336f4d	0
2026-07-28 12:59:38	new	1	1	CHANGES_REQUESTED	deadbe8	1
2026-07-28 13:09:43	round	2	1	CHANGES_REQUESTED	8f73666	2
2026-07-28 13:16:26	round	3	1	CHANGES_REQUESTED	341f3b4	3
2026-07-28 13:19:38	round	4	1	CHANGES_REQUESTED	8abf375	4
2026-07-28 13:22:23	round	5	1	APPROVED	7cf10a7	0
2026-07-28 13:53:24	round	6	1	CHANGES_REQUESTED	122f81e	1
2026-07-28 14:03:05	round	7	1	CHANGES_REQUESTED	6c069a6	2
2026-07-28 14:24:47	round	8	1	CHANGES_REQUESTED	d2ee244	3
2026-07-28 14:27:28	round	9	1	APPROVED	0a60a86	0
2026-07-28 14:36:54	round	10	1	CHANGES_REQUESTED	ac14b11	1
2026-07-28 14:56:10	round	11	1	APPROVED	a158a63	0
2026-07-28 15:52:41	new	1	1	CHANGES_REQUESTED	ab3172c	1
2026-07-28 15:58:17	round	2	1	CHANGES_REQUESTED	ad4751f	2
2026-07-28 16:00:38	round	3	1	CHANGES_REQUESTED	d8ac4d9	3
2026-07-28 16:02:54	round	4	1	APPROVED	522f400	0
2026-07-28 16:25:39	new	1	1	CHANGES_REQUESTED	1b6a618	1
2026-07-28 16:27:34	round	2	1	APPROVED	0c2ee58	0
2026-07-28 17:58:34	new	1	1	CHANGES_REQUESTED	ba8694e	1
2026-07-28 18:04:55	round	2	1	CHANGES_REQUESTED	c339b09	2
2026-07-28 18:08:47	round	3	1	APPROVED	7de9cd9	0
2026-07-28 18:19:55	round	4	1	APPROVED	2dbbdfc	0
2026-07-28 18:26:59	round	5	1	CHANGES_REQUESTED	3b613e7	1
2026-07-28 18:35:08	round	6	1	CHANGES_REQUESTED	bf59b35	2
2026-07-28 18:39:24	round	7	1	CHANGES_REQUESTED	21b9e66	3
2026-07-28 18:40:46	round	8	1	APPROVED	2d5d30d	0
2026-07-29 00:42:12	new	1	1	CHANGES_REQUESTED	6558902	1
2026-07-29 00:45:54	round	2	1	CHANGES_REQUESTED	226b782	2
2026-07-29 00:47:52	round	3	1	APPROVED	a3071f2	0
2026-07-29 00:57:40	new	1	1	CHANGES_REQUESTED	fe8fedf	1
2026-07-29 00:59:00	round	2	1	APPROVED	91f0f00	0
2026-07-29 01:21:47	new	1	1	CHANGES_REQUESTED	82e7d55	1
2026-07-29 01:31:27	round	2	1	CHANGES_REQUESTED	4ba8b55	2
2026-07-29 01:34:37	round	3	1	APPROVED	7f1cca3	0
2026-07-29 01:43:19	round	4	1	CHANGES_REQUESTED	464aad4	1
2026-07-29 01:46:42	round	5	1	APPROVED	a2f673d	0
2026-07-29 02:05:24	new	1	1	CHANGES_REQUESTED	a6af7ab	1
2026-07-29 02:21:35	round	2	1	CHANGES_REQUESTED	29dec42	2
2026-07-29 02:33:22	round	3	1	CHANGES_REQUESTED	245a65c	3
2026-07-29 02:42:22	round	4	1	CHANGES_REQUESTED	7644ab6	4
2026-07-29 02:48:22	round	5	1	APPROVED	3a3e684	0
2026-07-29 03:05:54	round	6	1	CHANGES_REQUESTED	0999b5a	1
2026-07-29 03:11:19	round	7	1	APPROVED	ee20a57	0
2026-07-29 03:33:14	new	1	1	CHANGES_REQUESTED	490c833	1
2026-07-29 03:41:49	round	2	1	CHANGES_REQUESTED	cf95ef4	2
2026-07-29 03:48:29	round	3	1	CHANGES_REQUESTED	beba891	3
2026-07-29 03:52:07	round	4	1	APPROVED	239a95e	0
2026-07-29 04:13:51	round	5	1	CHANGES_REQUESTED	b751f7e	1
2026-07-29 04:22:53	round	6	1	CHANGES_REQUESTED	098924d	2
2026-07-29 04:28:53	round	7	1	APPROVED	2c64c8a	0
2026-07-29 11:22:23	new	1	1	CHANGES_REQUESTED	8780e6c	1
2026-07-29 11:25:32	round	2	1	CHANGES_REQUESTED	d6854b0	2
2026-07-29 11:27:27	round	3	1	APPROVED	e6d26e2	0
2026-07-29 11:56:45	new	1	1	CHANGES_REQUESTED	316628b	1
2026-07-29 12:05:23	round	2	1	CHANGES_REQUESTED	bfa8956	2
2026-07-29 12:10:00	round	3	1	CHANGES_REQUESTED	00222a1	3
2026-07-29 12:13:28	round	4	1	APPROVED	9f338fd	0
2026-07-29 12:26:19	round	5	1	CHANGES_REQUESTED	6cfbcaf	1
2026-07-29 12:31:01	round	6	1	APPROVED	74d3f5c	0
2026-07-29 16:52:05	new	1	1	CHANGES_REQUESTED	90bfa30	1
2026-07-29 19:46:42	round	2	1	CHANGES_REQUESTED	6f4711a	2
2026-07-29 19:49:46	round	3	1	APPROVED	bcf34f3	0
2026-07-29 20:11:39	new	1	1	CHANGES_REQUESTED	9412edb	1
2026-07-29 20:27:27	round	2	1	CHANGES_REQUESTED	f85a033	2
2026-07-29 20:34:59	round	3	1	CHANGES_REQUESTED	59ed016	3
2026-07-29 20:39:34	round	4	1	APPROVED	6f2c04a	0
2026-07-29 20:50:20	round	5	1	CHANGES_REQUESTED	15251b7	1
2026-07-29 20:54:19	round	6	1	CHANGES_REQUESTED	aa1d4ea	2
2026-07-29 20:57:13	round	7	1	APPROVED	886fe4f	0
2026-07-29 22:08:33	new	1	1	CHANGES_REQUESTED	7fcd827	1
2026-07-29 22:23:07	round	2	1	CHANGES_REQUESTED	6c23602	2
2026-07-29 22:31:58	round	3	1	CHANGES_REQUESTED	b4e4a8f	3
2026-07-29 22:36:28	round	4	1	APPROVED	780f4a7	0
2026-07-29 22:56:28	new	1	1	CHANGES_REQUESTED	fa12f41	1
2026-07-29 23:05:35	round	2	1	CHANGES_REQUESTED	ca5c311	2
2026-07-29 23:12:22	round	3	1	CHANGES_REQUESTED	e5fad50	3
2026-07-29 23:16:05	round	4	1	APPROVED	b0bdf4d	0
